{
  "dataset_name": "jobhop_ict_benchmark_v1",
  "source_name": "JobHop",
  "metric": "NDCG@K",
  "comparisons": {
    "full_hybrid_vs_repeat_last": {
      "metric": "NDCG@K",
      "challenger_mean": 0.30401685968404635,
      "baseline_mean": 0.281878745442762,
      "mean_delta": 0.022138114241284368,
      "relative_gain_percent": 7.853772091439833,
      "paired_cohens_dz": 3.3442107798929603,
      "split_values": {
        "challenger": [
          0.3007796125610318,
          0.3011727390901468,
          0.30066531980861044,
          0.30647443211111236,
          0.29281742478507705,
          0.30356259374052247,
          0.3024211752598792,
          0.30549558206288513,
          0.3036830613633943,
          0.32309665605780374
        ],
        "baseline": [
          0.2827702975213417,
          0.2793449964019916,
          0.2802415052276857,
          0.2824162624093259,
          0.2780767631169004,
          0.28688623766954563,
          0.27595299247738286,
          0.2864843015677105,
          0.28170317692995095,
          0.2849109211057844
        ]
      }
    },
    "full_hybrid_vs_item_markov": {
      "metric": "NDCG@K",
      "challenger_mean": 0.30401685968404635,
      "baseline_mean": 0.29367530325819435,
      "mean_delta": 0.010341556425851994,
      "relative_gain_percent": 3.5214252990010104,
      "paired_cohens_dz": 1.872237985248126,
      "split_values": {
        "challenger": [
          0.3007796125610318,
          0.3011727390901468,
          0.30066531980861044,
          0.30647443211111236,
          0.29281742478507705,
          0.30356259374052247,
          0.3024211752598792,
          0.30549558206288513,
          0.3036830613633943,
          0.32309665605780374
        ],
        "baseline": [
          0.2944660299243165,
          0.2964570486969771,
          0.292858126503201,
          0.2903983077776353,
          0.2805978207774244,
          0.2955454251125961,
          0.2925053193477066,
          0.29732293840027524,
          0.2966105279182034,
          0.2999914881236086
        ]
      }
    },
    "full_hybrid_vs_transition_cf": {
      "metric": "NDCG@K",
      "challenger_mean": 0.30401685968404635,
      "baseline_mean": 0.2932158442663627,
      "mean_delta": 0.010801015417683635,
      "relative_gain_percent": 3.683639758522664,
      "paired_cohens_dz": 2.677548615871662,
      "split_values": {
        "challenger": [
          0.3007796125610318,
          0.3011727390901468,
          0.30066531980861044,
          0.30647443211111236,
          0.29281742478507705,
          0.30356259374052247,
          0.3024211752598792,
          0.30549558206288513,
          0.3036830613633943,
          0.32309665605780374
        ],
        "baseline": [
          0.29087950295692483,
          0.29707951558314194,
          0.29023035479009146,
          0.29043099174506926,
          0.2792684184773612,
          0.2905631564047439,
          0.2955425711673868,
          0.29545129496574857,
          0.29621289369012926,
          0.3064997428830298
        ]
      }
    },
    "full_hybrid_vs_hybrid_cf_topsis": {
      "metric": "NDCG@K",
      "challenger_mean": 0.30401685968404635,
      "baseline_mean": 0.2924369318507945,
      "mean_delta": 0.011579927833251846,
      "relative_gain_percent": 3.9598034899231163,
      "paired_cohens_dz": 2.766812597717043,
      "split_values": {
        "challenger": [
          0.3007796125610318,
          0.3011727390901468,
          0.30066531980861044,
          0.30647443211111236,
          0.29281742478507705,
          0.30356259374052247,
          0.3024211752598792,
          0.30549558206288513,
          0.3036830613633943,
          0.32309665605780374
        ],
        "baseline": [
          0.2873262063399659,
          0.29744854316686253,
          0.2904985807779667,
          0.2932313917945076,
          0.28312401967425377,
          0.28844872851691167,
          0.2941854468561067,
          0.29602409904124205,
          0.28962622764774315,
          0.3044560746923853
        ]
      }
    },
    "full_hybrid_vs_gru4rec": {
      "metric": "NDCG@K",
      "challenger_mean": 0.30401685968404635,
      "baseline_mean": 0.2834630052319199,
      "mean_delta": 0.02055385445212643,
      "relative_gain_percent": 7.2509830463802345,
      "paired_cohens_dz": 2.7063174972028663,
      "split_values": {
        "challenger": [
          0.3007796125610318,
          0.3011727390901468,
          0.30066531980861044,
          0.30647443211111236,
          0.29281742478507705,
          0.30356259374052247,
          0.3024211752598792,
          0.30549558206288513,
          0.3036830613633943,
          0.32309665605780374
        ],
        "baseline": [
          0.2872898597899285,
          0.28294317335173247,
          0.28289000210789245,
          0.27752309748770004,
          0.27965523017341337,
          0.2756182014436589,
          0.2899042182912474,
          0.290561568557305,
          0.2781769509167283,
          0.2900677501995928
        ]
      }
    },
    "full_hybrid_vs_sasrec": {
      "metric": "NDCG@K",
      "challenger_mean": 0.30401685968404635,
      "baseline_mean": 0.29450788852799037,
      "mean_delta": 0.009508971156055979,
      "relative_gain_percent": 3.22876619827867,
      "paired_cohens_dz": 1.2041660841663235,
      "split_values": {
        "challenger": [
          0.3007796125610318,
          0.3011727390901468,
          0.30066531980861044,
          0.30647443211111236,
          0.29281742478507705,
          0.30356259374052247,
          0.3024211752598792,
          0.30549558206288513,
          0.3036830613633943,
          0.32309665605780374
        ],
        "baseline": [
          0.29951806754030214,
          0.29187047799233223,
          0.2933482009710911,
          0.29363256798049064,
          0.28094329794709716,
          0.29989886070154503,
          0.2974407774451597,
          0.28630005600469166,
          0.303751526159949,
          0.29837505253724483
        ]
      }
    }
  }
}