{
  "dataset_name": "karrierewege_ict_benchmark_v1",
  "source_name": "KARRIEREWEGE",
  "metric": "NDCG@K",
  "comparisons": {
    "full_hybrid_vs_repeat_last": {
      "metric": "NDCG@K",
      "challenger_mean": 0.6226697437387748,
      "baseline_mean": 0.6034167607448616,
      "mean_delta": 0.019252982993913204,
      "relative_gain_percent": 3.1906609571380145,
      "paired_cohens_dz": 7.774087729889093,
      "split_values": {
        "challenger": [
          0.6182568768413745,
          0.6352427830034808,
          0.6185386485855601,
          0.6223478421932845,
          0.6160511425503412,
          0.6212692982228943,
          0.6270642401013279,
          0.6218105607631262,
          0.6260273030556344,
          0.6200887420707242
        ],
        "baseline": [
          0.6012021665622292,
          0.6114534841211402,
          0.6030355898363599,
          0.6039453188577301,
          0.5962272000140666,
          0.6026511545348356,
          0.6084327325267739,
          0.5997397742153976,
          0.6049859181723564,
          0.6024942686077266
        ]
      }
    },
    "full_hybrid_vs_item_markov": {
      "metric": "NDCG@K",
      "challenger_mean": 0.6226697437387748,
      "baseline_mean": 0.6217811305461526,
      "mean_delta": 0.000888613192622234,
      "relative_gain_percent": 0.14291414598601676,
      "paired_cohens_dz": 0.2163934945024589,
      "split_values": {
        "challenger": [
          0.6182568768413745,
          0.6352427830034808,
          0.6185386485855601,
          0.6223478421932845,
          0.6160511425503412,
          0.6212692982228943,
          0.6270642401013279,
          0.6218105607631262,
          0.6260273030556344,
          0.6200887420707242
        ],
        "baseline": [
          0.6202857786450211,
          0.6320551798544335,
          0.6156354379945564,
          0.6288872478191144,
          0.6141999657465693,
          0.6150705008670533,
          0.6246406582587807,
          0.6220038164781899,
          0.6206979177397545,
          0.6243348020580529
        ]
      }
    },
    "full_hybrid_vs_transition_cf": {
      "metric": "NDCG@K",
      "challenger_mean": 0.6226697437387748,
      "baseline_mean": 0.6155686276429392,
      "mean_delta": 0.007101116095835636,
      "relative_gain_percent": 1.1535864202544515,
      "paired_cohens_dz": 1.0157863573922938,
      "split_values": {
        "challenger": [
          0.6182568768413745,
          0.6352427830034808,
          0.6185386485855601,
          0.6223478421932845,
          0.6160511425503412,
          0.6212692982228943,
          0.6270642401013279,
          0.6218105607631262,
          0.6260273030556344,
          0.6200887420707242
        ],
        "baseline": [
          0.6078928610458573,
          0.6303760821527354,
          0.6155772985018682,
          0.6263821569629534,
          0.6108072367656115,
          0.6006844020218736,
          0.621663308591603,
          0.6078627193042232,
          0.615454387146312,
          0.618985823936354
        ]
      }
    },
    "full_hybrid_vs_hybrid_cf_topsis": {
      "metric": "NDCG@K",
      "challenger_mean": 0.6226697437387748,
      "baseline_mean": 0.6208261253349936,
      "mean_delta": 0.001843618403781222,
      "relative_gain_percent": 0.2969621168546053,
      "paired_cohens_dz": 0.8334174718266063,
      "split_values": {
        "challenger": [
          0.6182568768413745,
          0.6352427830034808,
          0.6185386485855601,
          0.6223478421932845,
          0.6160511425503412,
          0.6212692982228943,
          0.6270642401013279,
          0.6218105607631262,
          0.6260273030556344,
          0.6200887420707242
        ],
        "baseline": [
          0.6182568768413745,
          0.6340543066367885,
          0.6185386485855601,
          0.6223478421932845,
          0.611144853674125,
          0.6161610228757683,
          0.6238302296008447,
          0.6178114278158316,
          0.6260273030556344,
          0.6200887420707242
        ]
      }
    },
    "full_hybrid_vs_gru4rec": {
      "metric": "NDCG@K",
      "challenger_mean": 0.6226697437387748,
      "baseline_mean": 0.5631813759958104,
      "mean_delta": 0.0594883677429644,
      "relative_gain_percent": 10.562914591729493,
      "paired_cohens_dz": 4.899349374457797,
      "split_values": {
        "challenger": [
          0.6182568768413745,
          0.6352427830034808,
          0.6185386485855601,
          0.6223478421932845,
          0.6160511425503412,
          0.6212692982228943,
          0.6270642401013279,
          0.6218105607631262,
          0.6260273030556344,
          0.6200887420707242
        ],
        "baseline": [
          0.5465299518305031,
          0.598241601631926,
          0.5502886411942205,
          0.5678970131174285,
          0.5589575834218986,
          0.5732049158046841,
          0.548261311984095,
          0.5642601643801123,
          0.5701459567931338,
          0.5540266198001031
        ]
      }
    },
    "full_hybrid_vs_sasrec": {
      "metric": "NDCG@K",
      "challenger_mean": 0.6226697437387748,
      "baseline_mean": 0.6124662960536502,
      "mean_delta": 0.0102034476851246,
      "relative_gain_percent": 1.6659606823868083,
      "paired_cohens_dz": 1.6259742775490127,
      "split_values": {
        "challenger": [
          0.6182568768413745,
          0.6352427830034808,
          0.6185386485855601,
          0.6223478421932845,
          0.6160511425503412,
          0.6212692982228943,
          0.6270642401013279,
          0.6218105607631262,
          0.6260273030556344,
          0.6200887420707242
        ],
        "baseline": [
          0.5989418584975408,
          0.6276754623844506,
          0.6118551046085766,
          0.6160323554730601,
          0.6116614450856174,
          0.6160484105614329,
          0.6044715388600785,
          0.6114334916453248,
          0.6127452565338481,
          0.6137980368865722
        ]
      }
    }
  }
}